id,expected
0,0.5219149322413261
1,0.3879194920397573
2,0.5240684243253441
3,0.6621861144293291
4,0.7763254808217044
5,0.3554341795029001
6,0.3335717165805736
7,0.2534935388657886
8,0.6728363851802865
9,0.4262192279440129
10,0.6929362264655052
11,0.3345523918329566
12,0.3254667821357451
13,0.44730857809534963
14,0.45886646833848976
15,0.8180623541299488
16,0.5167318072192564
17,0.5056077538463097
18,0.29341074112914745
19,0.5087748888245196
